基準日,順位,コード,企業名,PBR
2017-01-31,1,54010,日本製鉄,0.18218712558969627
2017-01-31,2,83160,三井住友フィナンシャルグループ,0.19367899798999016
2017-01-31,3,80010,伊藤忠商事,0.21389352494859232
2017-01-31,4,87500,第一生命ホールディングス,0.21759013446895228
2017-01-31,5,69710,京セラ,0.2313949220056337
2017-01-31,6,72030,トヨタ自動車,0.25200140861677134
2017-01-31,7,82670,イオン,0.26575674715802833
2017-01-31,8,95010,東京電力ホールディングス,0.2797482770677027
2017-01-31,9,90220,東海旅客鉄道,0.282142278836293
2017-01-31,10,67580,ソニーグループ,0.2949974181267419
2017-02-28,1,54010,日本製鉄,0.1740096184143021
2017-02-28,2,83160,三井住友フィナンシャルグループ,0.19045471326238164
2017-02-28,3,80010,伊藤忠商事,0.20605762948310555
2017-02-28,4,87500,第一生命ホールディングス,0.20643727220312869
2017-02-28,5,72030,トヨタ自動車,0.2258838415624839
2017-02-28,6,69710,京セラ,0.24295680288083019
2017-02-28,7,80580,三菱商事,0.26354714984175953
2017-02-28,8,82670,イオン,0.2728931247716152
2017-02-28,9,72670,本田技研工業,0.27787503842808625
2017-02-28,10,95010,東京電力ホールディングス,0.27910220714375883
2017-03-31,1,54010,日本製鉄,0.16151064636608822
2017-03-31,2,83160,三井住友フィナンシャルグループ,0.17600417401759366
2017-03-31,3,87500,第一生命ホールディングス,0.19510100843889705
2017-03-31,4,80010,伊藤忠商事,0.20016664899065892
2017-03-31,5,72030,トヨタ自動車,0.21442107945334293
2017-03-31,6,69710,京セラ,0.24390062989105032
2017-03-31,7,80580,三菱商事,0.2501326997432798
2017-03-31,8,82670,イオン,0.26477916118356437
2017-03-31,9,72670,本田技研工業,0.26688428024434424
2017-03-31,10,99840,ソフトバンクグループ,0.2716744150245962
2017-04-28,1,54010,日本製鉄,0.14498760289582394
2017-04-28,2,83160,三井住友フィナンシャルグループ,0.17945037307868134
2017-04-28,3,87500,第一生命ホールディングス,0.18528927669813103
2017-04-28,4,80010,伊藤忠商事,0.199659897980556
2017-04-28,5,72030,トヨタ自動車,0.21417266046026556
2017-04-28,6,69710,京セラ,0.24814785143704088
2017-04-28,7,80580,三菱商事,0.24994552136981266
2017-04-28,8,72670,本田技研工業,0.25780029920091163
2017-04-28,9,82670,イオン,0.25805532835755823
2017-04-28,10,83090,三井住友トラスト・ホールディングス,0.2739518874274468
2017-05-31,1,83160,三井住友フィナンシャルグループ,0.1667395227820887
2017-05-31,2,87500,第一生命ホールディングス,0.17607955630794456
2017-05-31,3,80010,伊藤忠商事,0.19646345082636357
2017-05-31,4,80580,三菱商事,0.2030647058615539
2017-05-31,5,72030,トヨタ自動車,0.20736139967296507
2017-05-31,6,72670,本田技研工業,0.2486350235493801
2017-05-31,7,69710,京セラ,0.24904406105149055
2017-05-31,8,82670,イオン,0.26109843364479357
2017-05-31,9,83090,三井住友トラスト・ホールディングス,0.2621730197063992
2017-05-31,10,69020,デンソー,0.2718935325454689
2017-06-30,1,54010,日本製鉄,0.14657579611615262
2017-06-30,2,83160,三井住友フィナンシャルグループ,0.18373192526988363
2017-06-30,3,87500,第一生命ホールディングス,0.19345457216570097
2017-06-30,4,72030,トヨタ自動車,0.20599809984369233
2017-06-30,5,80010,伊藤忠商事,0.2084535914998098
2017-06-30,6,80580,三菱商事,0.215699598962638
2017-06-30,7,72670,本田技研工業,0.24439937396629635
2017-06-30,8,69710,京セラ,0.25391472782564367
2017-06-30,9,82670,イオン,0.2663887551441412
2017-06-30,10,69020,デンソー,0.27309140289134404
2017-07-31,1,54010,日本製鉄,0.15508841227289794
2017-07-31,2,83160,三井住友フィナンシャルグループ,0.17332105502373826
2017-07-31,3,87500,第一生命ホールディングス,0.18245675993046173
2017-07-31,4,80010,伊藤忠商事,0.2161347753687363
2017-07-31,5,72030,トヨタ自動車,0.21791823424835874
2017-07-31,6,80580,三菱商事,0.21940766541621703
2017-07-31,7,72670,本田技研工業,0.24791711684038287
2017-07-31,8,90220,東海旅客鉄道,0.2574507761368161
2017-07-31,9,69710,京セラ,0.2581855886699598
2017-07-31,10,82670,イオン,0.2628200046896577
2017-08-31,1,54010,日本製鉄,0.1500846379093734
2017-08-31,2,87500,第一生命ホールディングス,0.1587913314115133
2017-08-31,3,83160,三井住友フィナンシャルグループ,0.16997437084606473
2017-08-31,4,72030,トヨタ自動車,0.2121038941901995
2017-08-31,5,80010,伊藤忠商事,0.2184235986589825
2017-08-31,6,80580,三菱商事,0.22831309824880042
2017-08-31,7,72670,本田技研工業,0.2406510420514553
2017-08-31,8,69710,京セラ,0.25387736668976973
2017-08-31,9,87250,ＭＳ＆ＡＤインシュアランスグループホールディングス,0.25426152895018395
2017-08-31,10,82670,イオン,0.2564178573361565
2017-09-29,1,54010,日本製鉄,0.14774001220760763
2017-09-29,2,83160,三井住友フィナンシャルグループ,0.17848982280925632
2017-09-29,3,87500,第一生命ホールディングス,0.18114771547238853
2017-09-29,4,80010,伊藤忠商事,0.2241395837018401
2017-09-29,5,72030,トヨタ自動車,0.23018229500505236
2017-09-29,6,80580,三菱商事,0.23477631405202196
2017-09-29,7,87250,ＭＳ＆ＡＤインシュアランスグループホールディングス,0.25384115773591565
2017-09-29,8,72670,本田技研工業,0.26026398481650576
2017-09-29,9,82670,イオン,0.2628200046896577
2017-09-29,10,99840,ソフトバンクグループ,0.2684999437042685
2017-10-31,1,54010,日本製鉄,0.15048746895218243
2017-10-31,2,83160,三井住友フィナンシャルグループ,0.18663342097492866
2017-10-31,3,87500,第一生命ホールディングス,0.1922003098395628
2017-10-31,4,80580,三菱商事,0.23773862129516515
2017-10-31,5,72030,トヨタ自動車,0.23978751744937646
2017-10-31,6,80010,伊藤忠商事,0.24055783861217564
2017-10-31,7,87250,ＭＳ＆ＡＤインシュアランスグループホールディングス,0.2686802615995868
2017-10-31,8,82670,イオン,0.2750723206535109
2017-10-31,9,72670,本田技研工業,0.27516700942650824
2017-10-31,10,69710,京セラ,0.28540017937437556
2017-11-30,1,54010,日本製鉄,0.1516017782372782
2017-11-30,2,83160,三井住友フィナンシャルグループ,0.1832165368810699
2017-11-30,3,87500,第一生命ホールディングス,0.1929690826952385
2017-11-30,4,80010,伊藤忠商事,0.22203274758627314
2017-11-30,5,72030,トヨタ自動車,0.23687862364356274
2017-11-30,6,99840,ソフトバンクグループ,0.23863458632832837
2017-11-30,7,80580,三菱商事,0.24168505840301768
2017-11-30,8,87250,ＭＳ＆ＡＤインシュアランスグループホールディングス,0.245732145129467
2017-11-30,9,72670,本田技研工業,0.2835635751501035
2017-11-30,10,95010,東京電力ホールディングス,0.28490558168918034
2017-12-29,1,54010,日本製鉄,0.16107340716059212
2017-12-29,2,87500,第一生命ホールディングス,0.19532236419152188
2017-12-29,3,83160,三井住友フィナンシャルグループ,0.19615060658237918
2017-12-29,4,99840,ソフトバンクグループ,0.22442439588063948
2017-12-29,5,80010,伊藤忠商事,0.239945975423398
2017-12-29,6,72030,トヨタ自動車,0.24256182741922458
2017-12-29,7,87250,ＭＳ＆ＡＤインシュアランスグループホールディングス,0.25642229016095497
2017-12-29,8,80580,三菱商事,0.26745929946124714
2017-12-29,9,69710,京セラ,0.2789681570902463
2017-12-29,10,95010,東京電力ホールディングス,0.28237308762972096
2018-01-31,1,54010,日本製鉄,0.1548054174319285
2018-01-31,2,83160,三井住友フィナンシャルグループ,0.18965554950331673
2018-01-31,3,87500,第一生命ホールディングス,0.19209500671090465
2018-01-31,4,99840,ソフトバンクグループ,0.22593397701885004
2018-01-31,5,80010,伊藤忠商事,0.24405346715675144
2018-01-31,6,87250,ＭＳ＆ＡＤインシュアランスグループホールディングス,0.2495039510179354
2018-01-31,7,72030,トヨタ自動車,0.25154061681627615
2018-01-31,8,80580,三菱商事,0.262046708839019
2018-01-31,9,69710,京セラ,0.2743522352157535
2018-01-31,10,69810,村田製作所,0.27664161036792395
2018-02-28,1,54010,日本製鉄,0.1378065648206782
2018-02-28,2,87500,第一生命ホールディングス,0.16117506129761638
2018-02-28,3,83160,三井住友フィナンシャルグループ,0.18219063242569541
2018-02-28,4,99840,ソフトバンクグループ,0.186306466058582
2018-02-28,5,87250,ＭＳ＆ＡＤインシュアランスグループホールディングス,0.20993318815762105
2018-02-28,6,80010,伊藤忠商事,0.22460755083219466
2018-02-28,7,72030,トヨタ自動車,0.23408358176715563
2018-02-28,8,69710,京セラ,0.2426180981181442
2018-02-28,9,80580,三菱商事,0.2526512119102325
2018-02-28,10,69810,村田製作所,0.25732306215787343
2018-03-30,1,54010,日本製鉄,0.12594759972756295
2018-03-30,2,87500,第一生命ホールディングス,0.1468416693548265
2018-03-30,3,99840,ソフトバンクグループ,0.1665180015909873
2018-03-30,4,83160,三井住友フィナンシャルグループ,0.1733260433960201
2018-03-30,5,87250,ＭＳ＆ＡＤインシュアランスグループホールディングス,0.2113696626601851
2018-03-30,6,72030,トヨタ自動車,0.22081830622817378
2018-03-30,7,80010,伊藤忠商事,0.22466190890354806
2018-03-30,8,69710,京セラ,0.2292827332842249
2018-03-30,9,80580,三菱商事,0.23975853592197532
2018-03-30,10,95010,東京電力ホールディングス,0.25739320593966425
2018-04-27,1,54010,日本製鉄,0.1289441558270073
2018-04-27,2,87500,第一生命ホールディングス,0.16435017976595592
2018-04-27,3,83160,三井住友フィナンシャルグループ,0.17690687080669157
2018-04-27,4,99840,ソフトバンクグループ,0.17804591315212628
2018-04-27,5,87250,ＭＳ＆ＡＤインシュアランスグループホールディングス,0.2313479988340039
2018-04-27,6,72030,トヨタ自動車,0.23233644791567998
2018-04-27,7,80010,伊藤忠商事,0.23852321709866173
2018-04-27,8,80580,三菱商事,0.2535810930243953
2018-04-27,9,69710,京セラ,0.27248590257561744
2018-04-27,10,72670,本田技研工業,0.2762429483204894
2018-05-31,1,54010,日本製鉄,0.12340253068140217
2018-05-31,2,87500,第一生命ホールディングス,0.1621959241676582
2018-05-31,3,99840,ソフトバンクグループ,0.1703008454727243
2018-05-31,4,83160,三井住友フィナンシャルグループ,0.1828209138938001
2018-05-31,5,72030,トヨタ自動車,0.2267153849039829
2018-05-31,6,80010,伊藤忠商事,0.22800749142336138
2018-05-31,7,87250,ＭＳ＆ＡＤインシュアランスグループホールディングス,0.2307899840363807
2018-05-31,8,69710,京セラ,0.25138167862649136
2018-05-31,9,72670,本田技研工業,0.25276988740960604
2018-05-31,10,80580,三菱商事,0.2564087055592062
2018-06-29,1,54010,日本製鉄,0.11761761467574608
2018-06-29,2,87500,第一生命ホールディングス,0.1578502492884617
2018-06-29,3,83160,三井住友フィナンシャルグループ,0.17481869267939457
2018-06-29,4,99840,ソフトバンクグループ,0.1748627885824408
2018-06-29,5,80010,伊藤忠商事,0.22371702787507233
2018-06-29,6,87250,ＭＳ＆ＡＤインシュアランスグループホールディングス,0.22945085448494418
2018-06-29,7,72030,トヨタ自動車,0.23487202857413053
2018-06-29,8,72670,本田技研工業,0.2385364568478989
2018-06-29,9,69710,京セラ,0.24325149050734457
2018-06-29,10,80580,三菱商事,0.26039328110832977
2018-07-31,1,54010,日本製鉄,0.12021271718295627
2018-07-31,2,87500,第一生命ホールディングス,0.16791559919248303
2018-07-31,3,83160,三井住友フィナンシャルグループ,0.17883622025293128
2018-07-31,4,99840,ソフトバンクグループ,0.20309419805757098
2018-07-31,5,80010,伊藤忠商事,0.22065241105486585
2018-07-31,6,87250,ＭＳ＆ＡＤインシュアランスグループホールディングス,0.2273122446042918
2018-07-31,7,72030,トヨタ自動車,0.2392943052627648
2018-07-31,8,72670,本田技研工業,0.24210836086737908
2018-07-31,9,69710,京セラ,0.24703150996801684
2018-07-31,10,80580,三菱商事,0.26369261118085247
2018-08-31,1,54010,日本製鉄,0.1209104347809582
2018-08-31,2,87500,第一生命ホールディングス,0.17142694232624706
2018-08-31,3,83160,三井住友フィナンシャルグループ,0.1762533120303405
2018-08-31,4,99840,ソフトバンクグループ,0.2077501937258161
2018-08-31,5,80010,伊藤忠商事,0.21254076198682398
2018-08-31,6,72030,トヨタ自動車,0.2247447037030503
2018-08-31,7,87250,ＭＳ＆ＡＤインシュアランスグループホールディングス,0.2266641439474246
2018-08-31,8,72670,本田技研工業,0.23756192826591707
2018-08-31,9,80580,三菱商事,0.26436323859350325
2018-08-31,10,69710,京セラ,0.26690673318061003
2018-09-28,1,54010,日本製鉄,0.12999697159294699
2018-09-28,2,83160,三井住友フィナンシャルグループ,0.1845089626109577
2018-09-28,3,87500,第一生命ホールディングス,0.19153956866000854
2018-09-28,4,80010,伊藤忠商事,0.22746837403272133
2018-09-28,5,72030,トヨタ自動車,0.23009576807693244
2018-09-28,6,99840,ソフトバンクグループ,0.2313570701080195
2018-09-28,7,72670,本田技研工業,0.24817027100266176
2018-09-28,8,87250,ＭＳ＆ＡＤインシュアランスグループホールディングス,0.251833561319782
2018-09-28,9,69710,京セラ,0.25967245653234816
2018-09-28,10,80580,三菱商事,0.2918750231207363
2018-10-31,1,54010,日本製鉄,0.1128785852775038
2018-10-31,2,87500,第一生命ホールディングス,0.17294915398113722
2018-10-31,3,83160,三井住友フィナンシャルグループ,0.17758097513541052
2018-10-31,4,99840,ソフトバンクグループ,0.18249745173118292
2018-10-31,5,72030,トヨタ自動車,0.21452903535291165
2018-10-31,6,87250,ＭＳ＆ＡＤインシュアランスグループホールディングス,0.22606676853510596
2018-10-31,7,69710,京セラ,0.22621751452079994
2018-10-31,8,72670,本田技研工業,0.22626455750032606
2018-10-31,9,80010,伊藤忠商事,0.22910877096084192
2018-10-31,10,72590,アイシン,0.23137017125388987
2018-11-30,1,54010,日本製鉄,0.1112210121258793
2018-11-30,2,87500,第一生命ホールディングス,0.1623417971649351
2018-11-30,3,83160,三井住友フィナンシャルグループ,0.1657385059593088
2018-11-30,4,99840,ソフトバンクグループ,0.17848844618081844
2018-11-30,5,80010,伊藤忠商事,0.18911326058296263
2018-11-30,6,72030,トヨタ自動車,0.21437991479218646
2018-11-30,7,72670,本田技研工業,0.2235417589744497
2018-11-30,8,69710,京セラ,0.22574576734161025
2018-11-30,9,87250,ＭＳ＆ＡＤインシュアランスグループホールディングス,0.2319662267517567
2018-11-30,10,72590,アイシン,0.2342499731554468
2018-12-28,1,54010,日本製鉄,0.10139006042785481
2018-12-28,2,99840,ソフトバンクグループ,0.13686412513243645
2018-12-28,3,87500,第一生命ホールディングス,0.1410026327246504
2018-12-28,4,83160,三井住友フィナンシャルグループ,0.14442536379585472
2018-12-28,5,80010,伊藤忠商事,0.17513613963709881
2018-12-28,6,72590,アイシン,0.19928542180719608
2018-12-28,7,72030,トヨタ自動車,0.20186943027469448
2018-12-28,8,72670,本田技研工業,0.2020735398281168
2018-12-28,9,69710,京セラ,0.202998708045058
2018-12-28,10,87250,ＭＳ＆ＡＤインシュアランスグループホールディングス,0.2108967523546408
2019-01-31,1,54010,日本製鉄,0.10768508399470973
2019-01-31,2,87500,第一生命ホールディングス,0.14441689903509597
2019-01-31,3,99840,ソフトバンクグループ,0.1597522555756771
2019-01-31,4,83160,三井住友フィナンシャルグループ,0.16653532589931372
2019-01-31,5,80010,伊藤忠商事,0.18681500915226693
2019-01-31,6,72030,トヨタ自動車,0.21034630769334775
2019-01-31,7,87250,ＭＳ＆ＡＤインシュアランスグループホールディングス,0.2177650373930103
2019-01-31,8,72590,アイシン,0.223810691262303
2019-01-31,9,69710,京セラ,0.22533298855981929
2019-01-31,10,72670,本田技研工業,0.22683006180954654
2019-02-28,1,54010,日本製鉄,0.11005626191661715
2019-02-28,2,87500,第一生命ホールディングス,0.15031478078316413
2019-02-28,3,99840,ソフトバンクグループ,0.15230339468064497
2019-02-28,4,83160,三井住友フィナンシャルグループ,0.16229876009174385
2019-02-28,5,80010,伊藤忠商事,0.17407708267493896
2019-02-28,6,72030,トヨタ自動車,0.21555390258503374
2019-02-28,7,72670,本田技研工業,0.22212856427484928
2019-02-28,8,72590,アイシン,0.23264450561892566
2019-02-28,9,69710,京セラ,0.24230336427223872
2019-02-28,10,87250,ＭＳ＆ＡＤインシュアランスグループホールディングス,0.2460378754346196
2019-03-29,1,54010,日本製鉄,0.10733712791867728
2019-03-29,2,87500,第一生命ホールディングス,0.13715242812322403
2019-03-29,3,99840,ソフトバンクグループ,0.15918964155297607
2019-03-29,4,83160,三井住友フィナンシャルグループ,0.15958142925306928
2019-03-29,5,80010,伊藤忠商事,0.1744691481764591
2019-03-29,6,72030,トヨタ自動車,0.20879470898448768
2019-03-29,7,72670,本田技研工業,0.21099043360188585
2019-03-29,8,72590,アイシン,0.21176223969994454
2019-03-29,9,69020,デンソー,0.23007468937710154
2019-03-29,10,87250,ＭＳ＆ＡＤインシュアランスグループホールディングス,0.24802507895154643
2019-04-26,1,54010,日本製鉄,0.10879282591757439
2019-04-26,2,87500,第一生命ホールディングス,0.142253285658106
2019-04-26,3,83160,三井住友フィナンシャルグループ,0.16554720559434113
2019-04-26,4,99840,ソフトバンクグループ,0.17119612706359813
2019-04-26,5,80010,伊藤忠商事,0.17179833956439308
2019-04-26,6,72670,本田技研工業,0.2184722139780321
2019-04-26,7,72030,トヨタ自動車,0.22224872291319367
2019-04-26,8,72590,アイシン,0.22568958484799803
2019-04-26,9,80580,三菱商事,0.24993327209466168
2019-04-26,10,87250,ＭＳ＆ＡＤインシュアランスグループホールディングス,0.2530372478220175
2019-05-31,1,54010,日本製鉄,0.09518053542725206
2019-05-31,2,87500,第一生命ホールディングス,0.12696465489477574
2019-05-31,3,83160,三井住友フィナンシャルグループ,0.15409580281935878
2019-05-31,4,99840,ソフトバンクグループ,0.15653726185737385
2019-05-31,5,80010,伊藤忠商事,0.1717124403946109
2019-05-31,6,72670,本田技研工業,0.1868781867861575
2019-05-31,7,72590,アイシン,0.18899733387584616
2019-05-31,8,72030,トヨタ自動車,0.20258461731174152
2019-05-31,9,69020,デンソー,0.21953735287913692
2019-05-31,10,80580,三菱商事,0.226235900146348
2019-06-28,1,54010,日本製鉄,0.09741976750898924
2019-06-28,2,87500,第一生命ホールディングス,0.13109463604510135
2019-06-28,3,83160,三井住友フィナンシャルグループ,0.15503675260659833
2019-06-28,4,80010,伊藤忠商事,0.176995239336216
2019-06-28,5,72590,アイシン,0.19450195789652905
2019-06-28,6,72670,本田技研工業,0.19630985718410093
2019-06-28,7,72030,トヨタ自動車,0.21223150385039588
2019-06-28,8,80580,三菱商事,0.22681089343275196
2019-06-28,9,69020,デンソー,0.23684120134976286
2019-06-28,10,87250,ＭＳ＆ＡＤインシュアランスグループホールディングス,0.2434633393747478
2019-07-31,1,54010,日本製鉄,0.09043863219533804
2019-07-31,2,87500,第一生命ホールディングス,0.12964268954694
2019-07-31,3,83160,三井住友フィナンシャルグループ,0.15825357209610455
2019-07-31,4,65010,日立製作所,0.17034078134450764
2019-07-31,5,80010,伊藤忠商事,0.1788420714865332
2019-07-31,6,72590,アイシン,0.1876404823438503
2019-07-31,7,72670,本田技研工業,0.1910653409090113
2019-07-31,8,72030,トヨタ自動車,0.22289385212996124
2019-07-31,9,80580,三菱商事,0.23450142863840456
2019-07-31,10,69020,デンソー,0.2436289406570195
2019-08-30,1,54010,日本製鉄,0.07860173321585373
2019-08-30,2,87500,第一生命ホールディングス,0.11243790489507081
2019-08-30,3,83160,三井住友フィナンシャルグループ,0.14482259517352736
2019-08-30,4,65010,日立製作所,0.1588300862022657
2019-08-30,5,72590,アイシン,0.1667280244233247
2019-08-30,6,72670,本田技研工業,0.1790219269023818
2019-08-30,7,80010,伊藤忠商事,0.1862999699666278
2019-08-30,8,80580,三菱商事,0.21274954963326198
2019-08-30,9,72030,トヨタ自動車,0.21901710139923616
2019-08-30,10,69020,デンソー,0.2341737424426462
2019-09-30,1,54010,日本製鉄,0.07963318260865936
2019-09-30,2,87500,第一生命ホールディングス,0.12650817310431586
2019-09-30,3,83160,三井住友フィナンシャルグループ,0.15360198955931598
2019-09-30,4,65010,日立製作所,0.17607424546478784
2019-09-30,5,72590,アイシン,0.17970105260940628
2019-09-30,6,80010,伊藤忠商事,0.19619317110953344
2019-09-30,7,72670,本田技研工業,0.19851599312237486
2019-09-30,8,80580,三菱商事,0.21818124290462299
2019-09-30,9,72030,トヨタ自動車,0.22707290283001266
2019-09-30,10,99840,ソフトバンクグループ,0.23452888578188677
2019-10-31,1,54010,日本製鉄,0.08418213890513541
2019-10-31,2,87500,第一生命ホールディングス,0.1386527092407724
2019-10-31,3,83160,三井住友フィナンシャルグループ,0.16128395964688103
2019-10-31,4,65010,日立製作所,0.17705813613401641
2019-10-31,5,80010,伊藤忠商事,0.1997107537381221
2019-10-31,6,72670,本田技研工業,0.20870994259767692
2019-10-31,7,80580,三菱商事,0.2274645004956763
2019-10-31,8,72590,アイシン,0.22801411880047448
2019-10-31,9,99840,ソフトバンクグループ,0.23176321495898716
2019-10-31,10,72030,トヨタ自動車,0.23733146246451714
2019-11-29,1,54010,日本製鉄,0.08534947963003728
2019-11-29,2,87500,第一生命ホールディングス,0.12212613032984715
2019-11-29,3,83160,三井住友フィナンシャルグループ,0.16282635211564297
2019-11-29,4,65010,日立製作所,0.18710985140729186
2019-11-29,5,80010,伊藤忠商事,0.2034923812626722
2019-11-29,6,72670,本田技研工業,0.21507327695161907
2019-11-29,7,72590,アイシン,0.2165137851404767
2019-11-29,8,95010,東京電力ホールディングス,0.233662965351095
2019-11-29,9,72030,トヨタ自動車,0.2373335746136581
2019-11-29,10,87250,ＭＳ＆ＡＤインシュアランスグループホールディングス,0.23754686223004853
2019-12-30,1,94320,日本電信電話,0.07446502577711273
2019-12-30,2,54010,日本製鉄,0.08792777284838471
2019-12-30,3,87500,第一生命ホールディングス,0.12581097046910977
2019-12-30,4,83160,三井住友フィナンシャルグループ,0.1648223433463604
2019-12-30,5,65010,日立製作所,0.20129538897910051
2019-12-30,6,72590,アイシン,0.21285815384064113
2019-12-30,7,80010,伊藤忠商事,0.21597631503779005
2019-12-30,8,72670,本田技研工業,0.21732436182238338
2019-12-30,9,95010,東京電力ホールディングス,0.22733459337283615
2019-12-30,10,72030,トヨタ自動車,0.23969510271926664
2020-01-31,1,94320,日本電信電話,0.0376375810251499
2020-01-31,2,54010,日本製鉄,0.08162823168603067
2020-01-31,3,87500,第一生命ホールディングス,0.11470103892140816
2020-01-31,4,83160,三井住友フィナンシャルグループ,0.15603505965027023
2020-01-31,5,65010,日立製作所,0.18759097272487407
2020-01-31,6,72590,アイシン,0.18918445052327285
2020-01-31,7,72670,本田技研工業,0.19853727033086466
2020-01-31,8,95010,東京電力ホールディングス,0.21045900271769727
2020-01-31,9,80010,伊藤忠商事,0.2188310029658887
2020-01-31,10,69020,デンソー,0.22904795964089572
2020-02-28,1,94320,日本電信電話,0.03393071745652571
2020-02-28,2,87500,第一生命ホールディングス,0.09810423225486375
2020-02-28,3,83160,三井住友フィナンシャルグループ,0.13995791671573246
2020-02-28,4,65010,日立製作所,0.1612927583452404
2020-02-28,5,72590,アイシン,0.1792006969436571
2020-02-28,6,90220,東海旅客鉄道,0.18886866653929937
2020-02-28,7,72670,本田技研工業,0.1933183350162667
2020-02-28,8,95010,東京電力ホールディングス,0.19836365773392156
2020-02-28,9,80010,伊藤忠商事,0.19966668598378903
2020-02-28,10,69020,デンソー,0.2128098612251387
2020-03-31,1,94320,日本電信電話,0.03453422824132558
2020-03-31,2,87500,第一生命ホールディングス,0.08597391998741982
2020-03-31,3,83160,三井住友フィナンシャルグループ,0.10536916092703426
2020-03-31,4,72590,アイシン,0.13639343351844302
2020-03-31,5,65010,日立製作所,0.13938497098682723
2020-03-31,6,72670,本田技研工業,0.16779666884180883
2020-03-31,7,72690,スズキ,0.1691558734418818
2020-03-31,8,69020,デンソー,0.17605729561829483
2020-03-31,9,80010,伊藤忠商事,0.1819023129468401
2020-03-31,10,95010,東京電力ホールディングス,0.18239780235533762
2020-04-30,1,94320,日本電信電話,0.03275722426385931
2020-04-30,2,87500,第一生命ホールディングス,0.09032702986020058
2020-04-30,3,83160,三井住友フィナンシャルグループ,0.1142513605842714
2020-04-30,4,65010,日立製作所,0.1437310502603586
2020-04-30,5,72590,アイシン,0.17038565707550557
2020-04-30,6,80010,伊藤忠商事,0.17237119955943597
2020-04-30,7,95010,東京電力ホールディングス,0.17562440916442323
2020-04-30,8,72670,本田技研工業,0.1802674829952371
2020-04-30,9,90220,東海旅客鉄道,0.18093681908771536
2020-04-30,10,80580,三菱商事,0.18871339337475565
2020-05-29,1,94320,日本電信電話,0.03328182608855718
2020-05-29,2,87500,第一生命ホールディングス,0.11131134019854284
2020-05-29,3,83160,三井住友フィナンシャルグループ,0.13237823898584902
2020-05-29,4,65010,日立製作所,0.15665144027019232
2020-05-29,5,72590,アイシン,0.1857126534839157
2020-05-29,6,80010,伊藤忠商事,0.1906517822689058
2020-05-29,7,90220,東海旅客鉄道,0.19615232342734684
2020-05-29,8,95010,東京電力ホールディングス,0.19998977119880584
2020-05-29,9,72670,本田技研工業,0.20287242541325312
2020-05-29,10,72030,トヨタ自動車,0.20752944796063205
2020-06-30,1,94320,日本電信電話,0.034234680005202994
2020-06-30,2,87500,第一生命ホールディングス,0.10179212638452834
2020-06-30,3,83160,三井住友フィナンシャルグループ,0.12868585759641973
2020-06-30,4,65010,日立製作所,0.1542937340779926
2020-06-30,5,72590,アイシン,0.17176410214863883
2020-06-30,6,90220,東海旅客鉄道,0.17758515204786648
2020-06-30,7,95010,東京電力ホールディングス,0.18235981891681746
2020-06-30,8,80010,伊藤忠商事,0.19160091451829644
2020-06-30,9,80580,三菱商事,0.19353895259460754
2020-06-30,10,72670,本田技研工業,0.2007956064030959
2020-07-31,1,94320,日本電信電話,0.033247795591534124
2020-07-31,2,87500,第一生命ホールディングス,0.09757194159364858
2020-07-31,3,83160,三井住友フィナンシャルグループ,0.11695007402702594
2020-07-31,4,90220,東海旅客鉄道,0.13813149891963955
2020-07-31,5,95010,東京電力ホールディングス,0.1532560801189905
2020-07-31,6,65010,日立製作所,0.16361350211200132
2020-07-31,7,80580,三菱商事,0.18069944496906334
2020-07-31,8,72670,本田技研工業,0.18391871928897613
2020-07-31,9,80010,伊藤忠商事,0.18982644987813133
2020-07-31,10,72030,トヨタ自動車,0.19100082575444108
2020-08-31,1,94320,日本電信電話,0.031803029958503475
2020-08-31,2,87500,第一生命ホールディングス,0.11962022812772984
2020-08-31,3,83160,三井住友フィナンシャルグループ,0.13023273538657243
2020-08-31,4,95010,東京電力ホールディングス,0.17077106070401799
2020-08-31,5,90220,東海旅客鉄道,0.17275950553585773
2020-08-31,6,65010,日立製作所,0.18464055705094776
2020-08-31,7,80580,三菱商事,0.20092709978466788
2020-08-31,8,72670,本田技研工業,0.2025162927700547
2020-08-31,9,72030,トヨタ自動車,0.2125805688636708
2020-08-31,10,67020,富士通,0.21292409992698508
2020-09-30,1,94320,日本電信電話,0.02834259664695647
2020-09-30,2,87500,第一生命ホールディングス,0.11005418596803844
2020-09-30,3,83160,三井住友フィナンシャルグループ,0.12186215256753748
2020-09-30,4,95010,東京電力ホールディングス,0.15818216840852947
2020-09-30,5,90220,東海旅客鉄道,0.16406173307338534
2020-09-30,6,72670,本田技研工業,0.1835491737813676
2020-09-30,7,65010,日立製作所,0.18532053643952065
2020-09-30,8,80580,三菱商事,0.20092709978466788
2020-09-30,9,83090,三井住友トラスト・ホールディングス,0.20349834767490402
2020-09-30,10,87250,ＭＳ＆ＡＤインシュアランスグループホールディングス,0.20946374273496646
2020-10-30,1,94320,日本電信電話,0.02893581378607881
2020-10-30,2,87500,第一生命ホールディングス,0.11520971647777867
2020-10-30,3,83160,三井住友フィナンシャルグループ,0.12033339342992928
2020-10-30,4,90220,東海旅客鉄道,0.1382301543186426
2020-10-30,5,95010,東京電力ホールディングス,0.14168132491338448
2020-10-30,6,72670,本田技研工業,0.18069965355771506
2020-10-30,7,80580,三菱商事,0.18598052269023826
2020-10-30,8,65010,日立製作所,0.18974243767190424
2020-10-30,9,80010,伊藤忠商事,0.2012478878926671
2020-10-30,10,83090,三井住友トラスト・ホールディングス,0.202842512564586
2020-11-30,1,94320,日本電信電話,0.03144276365381369
2020-11-30,2,87500,第一生命ホールディングス,0.11332745305086586
2020-11-30,3,83160,三井住友フィナンシャルグループ,0.12290112602859854
2020-11-30,4,95010,東京電力ホールディングス,0.14326141403881254
2020-11-30,5,90220,東海旅客鉄道,0.14608351628430247
2020-11-30,6,80580,三菱商事,0.19337141275284755
2020-11-30,7,72590,アイシン,0.2050957017805968
2020-11-30,8,72670,本田技研工業,0.209055434520674
2020-11-30,9,72030,トヨタ自動車,0.20955814003632764
2020-11-30,10,65010,日立製作所,0.2148824979459658
2020-12-30,1,94320,日本電信電話,0.03373878696321996
2020-12-30,2,87500,第一生命ホールディングス,0.10695950324431026
2020-12-30,3,83160,三井住友フィナンシャルグループ,0.12922432633876688
2020-12-30,4,95010,東京電力ホールディングス,0.14326141403881254
2020-12-30,5,90220,東海旅客鉄道,0.16025251899157691
2020-12-30,6,80580,三菱商事,0.201955100618572
2020-12-30,7,72670,本田技研工業,0.20949224069393074
2020-12-30,8,65010,日立製作所,0.22024643321995738
2020-12-30,9,87250,ＭＳ＆ＡＤインシュアランスグループホールディングス,0.22409737608303953
2020-12-30,10,83090,三井住友トラスト・ホールディングス,0.22599887424858228
2021-01-29,1,94320,日本電信電話,0.033388005624282895
2021-01-29,2,87500,第一生命ホールディングス,0.1093026882380645
2021-01-29,3,83160,三井住友フィナンシャルグループ,0.1315347264520976
2021-01-29,4,90220,東海旅客鉄道,0.16235696645742775
2021-01-29,5,72670,本田技研工業,0.20125844432804124
2021-01-29,6,80580,三菱商事,0.21041957059727245
2021-01-29,7,95010,東京電力ホールディングス,0.21120524643221997
2021-01-29,8,87250,ＭＳ＆ＡＤインシュアランスグループホールディングス,0.214315857375308
2021-01-29,9,72030,トヨタ自動車,0.21857042752753134
2021-01-29,10,83090,三井住友トラスト・ホールディングス,0.22473752993313012
2021-02-26,1,94320,日本電信電話,0.05347216939632304
2021-02-26,2,87500,第一生命ホールディングス,0.11910518128195413
2021-02-26,3,83160,三井住友フィナンシャルグループ,0.14885191536478284
2021-02-26,4,95010,東京電力ホールディングス,0.1808720546098021
2021-02-26,5,90220,東海旅客鉄道,0.19098883689350116
2021-02-26,6,87250,ＭＳ＆ＡＤインシュアランスグループホールディングス,0.1984233100240894
2021-02-26,7,72670,本田技研工業,0.20498841323665012
2021-02-26,8,67020,富士通,0.22213056081688598
2021-02-26,9,72590,アイシン,0.2222746777126248
2021-02-26,10,72030,トヨタ自動車,0.2270091523081041
2021-03-31,1,94320,日本電信電話,0.0551204502299359
2021-03-31,2,87500,第一生命ホールディングス,0.12119519302283156
2021-03-31,3,54010,日本製鉄,0.12292053996145323
2021-03-31,4,83160,三井住友フィナンシャルグループ,0.1594015099436707
2021-03-31,5,90220,東海旅客鉄道,0.18155458073448846
2021-03-31,6,95010,東京電力ホールディングス,0.1951514273421549
2021-03-31,7,87250,ＭＳ＆ＡＤインシュアランスグループホールディングス,0.2148924447560888
2021-03-31,8,72670,本田技研工業,0.23367200573282434
2021-03-31,9,80580,三菱商事,0.2462011986392229
2021-03-31,10,72030,トヨタ自動車,0.2484327265701289
2021-04-30,1,94320,日本電信電話,0.0534236905482756
2021-04-30,2,54010,日本製鉄,0.12425627866763388
2021-04-30,3,87500,第一生命ホールディングス,0.12524777676428903
2021-04-30,4,83160,三井住友フィナンシャルグループ,0.15123870146860363
2021-04-30,5,95010,東京電力ホールディングス,0.16516052480351126
2021-04-30,6,90220,東海旅客鉄道,0.17864167314732862
2021-04-30,7,87250,ＭＳ＆ＡＤインシュアランスグループホールディングス,0.204713328951853
2021-04-30,8,72670,本田技研工業,0.227546643565011
2021-04-30,9,67020,富士通,0.23290807738710523
2021-04-30,10,65010,日立製作所,0.23364377069371894
2021-05-31,1,94320,日本電信電話,0.05577961040335885
2021-05-31,2,54010,日本製鉄,0.12473133988932061
2021-05-31,3,87500,第一生命ホールディングス,0.1392235080731139
2021-05-31,4,83160,三井住友フィナンシャルグループ,0.152080323106323
2021-05-31,5,95010,東京電力ホールディングス,0.17334185110956757
2021-05-31,6,90220,東海旅客鉄道,0.18177083601759775
2021-05-31,7,87250,ＭＳ＆ＡＤインシュアランスグループホールディングス,0.21150615323653987
2021-05-31,8,72670,本田技研工業,0.21601070456998142
2021-05-31,9,80580,三菱商事,0.22602644033771313
2021-05-31,10,67020,富士通,0.23799311441135687
2021-06-30,1,94320,日本電信電話,0.05506631615267651
2021-06-30,2,54010,日本製鉄,0.113714922278658
2021-06-30,3,87500,第一生命ホールディングス,0.12680486092634502
2021-06-30,4,83160,三井住友フィナンシャルグループ,0.14742668831423125
2021-06-30,5,95010,東京電力ホールディングス,0.1687398550624109
2021-06-30,6,90220,東海旅客鉄道,0.1883085513001243
2021-06-30,7,67010,日本電気,0.19985596556338545
2021-06-30,8,87250,ＭＳ＆ＡＤインシュアランスグループホールディングス,0.20296466809282246
2021-06-30,9,72670,本田技研工業,0.22868879548864543
2021-06-30,10,80580,三菱商事,0.22934400948311434
2021-07-30,1,94320,日本電信電話,0.053306857000993406
2021-07-30,2,54010,日本製鉄,0.11483780782024068
2021-07-30,3,87500,第一生命ホールディングス,0.12543332359085851
2021-07-30,4,83160,三井住友フィナンシャルグループ,0.1408026344034351
2021-07-30,5,95010,東京電力ホールディングス,0.14781906819220642
2021-07-30,6,90220,東海旅客鉄道,0.17941141007855393
2021-07-30,7,87250,ＭＳ＆ＡＤインシュアランスグループホールディングス,0.21385980692058645
2021-07-30,8,72670,本田技研工業,0.2250167874481787
2021-07-30,9,80580,三菱商事,0.23193444018568793
2021-07-30,10,72590,アイシン,0.23875459845342012
2021-08-31,1,94320,日本電信電話,0.054629261738692904
2021-08-31,2,87500,第一生命ホールディングス,0.12463728295619132
2021-08-31,3,54010,日本製鉄,0.12741514017402425
2021-08-31,4,83160,三井住友フィナンシャルグループ,0.14483797823264777
2021-08-31,5,95010,東京電力ホールディングス,0.14630037913543717
2021-08-31,6,90220,東海旅客鉄道,0.182466665879324
2021-08-31,7,67010,日本電気,0.20299565235143024
2021-08-31,8,72670,本田技研工業,0.21010883560860075
2021-08-31,9,87250,ＭＳ＆ＡＤインシュアランスグループホールディングス,0.21116174651399505
2021-08-31,10,99840,ソフトバンクグループ,0.21315007540716766
2021-09-30,1,94320,日本電信電話,0.05742121719382201
2021-09-30,2,54010,日本製鉄,0.11528576295105218
2021-09-30,3,87500,第一生命ホールディングス,0.1420782301840212
2021-09-30,4,83160,三井住友フィナンシャルグループ,0.15029083660809947
2021-09-30,5,95010,東京電力ホールディングス,0.16199349938871938
2021-09-30,6,90220,東海旅客鉄道,0.20226924977320412
2021-09-30,7,67010,日本電気,0.21318055532407987
2021-09-30,8,72670,本田技研工業,0.2172193410865579
2021-09-30,9,72590,アイシン,0.22009809317235515
2021-09-30,10,61780,日本郵政,0.22263344386908132
2021-10-29,1,94320,日本電信電話,0.05932905342149357
2021-10-29,2,54010,日本製鉄,0.11330198630243525
2021-10-29,3,87500,第一生命ホールディングス,0.13796501601566605
2021-10-29,4,83160,三井住友フィナンシャルグループ,0.14178574933066537
2021-10-29,5,95010,東京電力ホールディングス,0.15468844837601897
2021-10-29,6,90220,東海旅客鉄道,0.1918797507999353
2021-10-29,7,67010,日本電気,0.20214857319293134
2021-10-29,8,61780,日本郵政,0.20622937051179988
2021-10-29,9,72670,本田技研工業,0.21054263302502785
2021-10-29,10,99840,ソフトバンクグループ,0.21255695735614144
2021-11-30,1,94320,日本電信電話,0.056049612726654714
2021-11-30,2,54010,日本製鉄,0.09170593178906974
2021-11-30,3,87500,第一生命ホールディングス,0.12807143513791217
2021-11-30,4,83160,三井住友フィナンシャルグループ,0.13706955497060158
2021-11-30,5,95010,東京電力ホールディングス,0.14879555510455159
2021-11-30,6,90220,東海旅客鉄道,0.17711976996917106
2021-11-30,7,72670,本田技研工業,0.19201044470462073
2021-11-30,8,87250,ＭＳ＆ＡＤインシュアランスグループホールディングス,0.19497780660210223
2021-11-30,9,61780,日本郵政,0.2005962799640863
2021-11-30,10,99840,ソフトバンクグループ,0.21049143504340137
2021-12-30,1,94320,日本電信電話,0.05649800962846795
2021-12-30,2,54010,日本製鉄,0.10136486782334071
2021-12-30,3,87500,第一生命ホールディングス,0.13022163761661795
2021-12-30,4,95010,東京電力ホールディングス,0.14584910846881788
2021-12-30,5,83160,三井住友フィナンシャルグループ,0.14595358996829108
2021-12-30,6,90220,東海旅客鉄道,0.1742245429600596
2021-12-30,7,99840,ソフトバンクグループ,0.18968664312203037
2021-12-30,8,72670,本田技研工業,0.19999772256308904
2021-12-30,9,87250,ＭＳ＆ＡＤインシュアランスグループホールディングス,0.20868428952346596
2021-12-30,10,61780,日本郵政,0.21015741106517827
2022-01-31,1,94320,日本電信電話,0.05860547506699016
2022-01-31,2,54010,日本製鉄,0.10012377548374166
2022-01-31,3,87500,第一生命ホールディングス,0.14399637224582676
2022-01-31,4,83160,三井住友フィナンシャルグループ,0.1522501497729035
2022-01-31,5,95010,東京電力ホールディングス,0.15338168726249884
2022-01-31,6,90220,東海旅客鉄道,0.17139336526217136
2022-01-31,7,99840,ソフトバンクグループ,0.17492780751069534
2022-01-31,8,67020,富士通,0.1893033446511441
2022-01-31,9,72670,本田技研工業,0.207669224320176
2022-01-31,10,72590,アイシン,0.22239952969905225
2022-02-28,1,94320,日本電信電話,0.05482366526895277
2022-02-28,2,54010,日本製鉄,0.10914140355613945
2022-02-28,3,87500,第一生命ホールディングス,0.13460897987504786
2022-02-28,4,83160,三井住友フィナンシャルグループ,0.15322238815935066
2022-02-28,5,99840,ソフトバンクグループ,0.1718518682993791
2022-02-28,6,90220,東海旅客鉄道,0.17529767104067576
2022-02-28,7,95010,東京電力ホールディングス,0.18145153852622412
2022-02-28,8,67020,富士通,0.2087756261082691
2022-02-28,9,72670,本田技研工業,0.21207265625926325
2022-02-28,10,72590,アイシン,0.21563108097985534
2022-03-31,1,94320,日本電信電話,0.05902806177021643
2022-03-31,2,54010,日本製鉄,0.1123765649136252
2022-03-31,3,87500,第一生命ホールディングス,0.13970712728559784
2022-03-31,4,83160,三井住友フィナンシャルグループ,0.14525843786847373
2022-03-31,5,90220,東海旅客鉄道,0.18067316450383397
2022-03-31,6,99840,ソフトバンクグループ,0.18640421959141268
2022-03-31,7,95010,東京電力ホールディングス,0.202002679630023
2022-03-31,8,72670,本田技研工業,0.2097804666979929
2022-03-31,9,61780,日本郵政,0.2116530879739593
2022-03-31,10,72590,アイシン,0.21614117601013028
2022-04-28,1,94320,日本電信電話,0.06406501203410654
2022-04-28,2,54010,日本製鉄,0.10712266286906834
2022-04-28,3,83160,三井住友フィナンシャルグループ,0.14555959565258253
2022-04-28,4,87500,第一生命ホールディングス,0.14558788504425857
2022-04-28,5,99840,ソフトバンクグループ,0.17668029822115983
2022-04-28,6,72590,アイシン,0.18596972255558206
2022-04-28,7,90220,東海旅客鉄道,0.1873219160091897
2022-04-28,8,72670,本田技研工業,0.2057014522031339
2022-04-28,9,61780,日本郵政,0.2147393028587087
2022-04-28,10,65010,日立製作所,0.21956370037045703
2022-05-31,1,94320,日本電信電話,0.06281597778768375
2022-05-31,2,54010,日本製鉄,0.10976104309773037
2022-05-31,3,83160,三井住友フィナンシャルグループ,0.14730301046553546
2022-05-31,4,87500,第一生命ホールディングス,0.15402946713706023
2022-05-31,5,67010,日本電気,0.15913068048663356
2022-05-31,6,72670,本田技研工業,0.1786281925543878
2022-05-31,7,90220,東海旅客鉄道,0.18229926865732843
2022-05-31,8,99840,ソフトバンクグループ,0.1979053021494629
2022-05-31,9,84730,ＳＢＩホールディングス,0.2026653486450092
2022-05-31,10,72690,スズキ,0.2070866430074675
2022-06-30,1,94320,日本電信電話,0.06257499577571055
2022-06-30,2,54010,日本製鉄,0.09261773865478336
2022-06-30,3,87500,第一生命ホールディングス,0.1468005629230032
2022-06-30,4,83160,三井住友フィナンシャルグループ,0.1514382667067082
2022-06-30,5,67010,日本電気,0.16096327949415717
2022-06-30,6,90220,東海旅客鉄道,0.17870350975770047
2022-06-30,7,72670,本田技研工業,0.18458078411649392
2022-06-30,8,99840,ソフトバンクグループ,0.19260742077127976
2022-06-30,9,67020,富士通,0.20467946612616414
2022-06-30,10,84730,ＳＢＩホールディングス,0.2056081393398928
2022-07-29,1,94320,日本電信電話,0.061169267372533476
2022-07-29,2,54010,日本製鉄,0.09608053983671576
2022-07-29,3,87500,第一生命ホールディングス,0.1347056002088689
2022-07-29,4,83160,三井住友フィナンシャルグループ,0.15118029944824665
2022-07-29,5,90220,東海旅客鉄道,0.17630262607130812
2022-07-29,6,72670,本田技研工業,0.1898943969233457
2022-07-29,7,72590,アイシン,0.19173233467816822
2022-07-29,8,99840,ソフトバンクグループ,0.20622003264577807
2022-07-29,9,84730,ＳＢＩホールディングス,0.20800883701203468
2022-07-29,10,67020,富士通,0.22053351446146885
2022-08-31,1,94320,日本電信電話,0.058766206423296316
2022-08-31,2,54010,日本製鉄,0.10074637805399866
2022-08-31,3,83160,三井住友フィナンシャルグループ,0.15438280396541185
2022-08-31,4,87500,第一生命ホールディングス,0.17926019168356497
2022-08-31,5,90220,東海旅客鉄道,0.18609092976525432
2022-08-31,6,72670,本田技研工業,0.19571751463481718
2022-08-31,7,67020,富士通,0.1973069223361724
2022-08-31,8,72590,アイシン,0.20244665970058928
2022-08-31,9,84730,ＳＢＩホールディングス,0.20860821182587383
2022-08-31,10,99840,ソフトバンクグループ,0.23546553500836104
2022-09-30,1,94320,日本電信電話,0.060870566600257844
2022-09-30,2,54010,日本製鉄,0.09153163122723493
2022-09-30,3,83160,三井住友フィナンシャルグループ,0.14812135547840266
2022-09-30,4,72670,本田技研工業,0.1648769878785373
2022-09-30,5,87500,第一生命ホールディングス,0.17068143874157982
2022-09-30,6,72590,アイシン,0.1807695191709161
2022-09-30,7,67020,富士通,0.18801628548605379
2022-09-30,8,90220,東海旅客鉄道,0.1916357491988192
2022-09-30,9,84730,ＳＢＩホールディングス,0.1972130072468931
2022-09-30,10,99840,ソフトバンクグループ,0.20743997151042234
2022-10-31,1,94320,日本電信電話,0.06383225870116668
2022-10-31,2,54010,日本製鉄,0.093173863334975
2022-10-31,3,83160,三井住友フィナンシャルグループ,0.15360978563368233
2022-10-31,4,87500,第一生命ホールディングス,0.1755665619446547
2022-10-31,5,72670,本田技研工業,0.17726996028673564
2022-10-31,6,72590,アイシン,0.1887453861299457
2022-10-31,7,90220,東海旅客鉄道,0.19282637878350858
2022-10-31,8,67020,富士通,0.19765738765431068
2022-10-31,9,84730,ＳＢＩホールディングス,0.2042020660553346
2022-10-31,10,69710,京セラ,0.22607786731225046
2022-11-30,1,94320,日本電信電話,0.05954487514708063
2022-11-30,2,54010,日本製鉄,0.09457941002521567
2022-11-30,3,83160,三井住友フィナンシャルグループ,0.16780683225243287
2022-11-30,4,72670,本田技研工業,0.17013422915230303
2022-11-30,5,90220,東海旅客鉄道,0.18573429940166508
2022-11-30,6,72590,アイシン,0.18626677643554443
2022-11-30,7,99840,ソフトバンクグループ,0.18963234441469426
2022-11-30,8,84730,ＳＢＩホールディングス,0.20641151653256096
2022-11-30,9,69710,京セラ,0.2121021887975438
2022-11-30,10,67020,富士通,0.21312371754959689
2022-12-30,1,94320,日本電信電話,0.0586485844871442
2022-12-30,2,54010,日本製鉄,0.09887161130116046
2022-12-30,3,72670,本田技研工業,0.15370936390831563
2022-12-30,4,72590,アイシン,0.17464551062287262
2022-12-30,5,99840,ソフトバンクグループ,0.17981938035560052
2022-12-30,6,90220,東海旅客鉄道,0.18098763209885643
2022-12-30,7,83160,三井住友フィナンシャルグループ,0.19017102200373612
2022-12-30,8,84730,ＳＢＩホールディングス,0.1984483526021604
2022-12-30,9,69710,京セラ,0.1990622731051262
2022-12-30,10,67020,富士通,0.2033129858996019
2023-01-31,1,94320,日本電信電話,0.060674980761783064
2023-01-31,2,54010,日本製鉄,0.11625610491126852
2023-01-31,3,72670,本田技研工業,0.162575749498357
2023-01-31,4,90220,東海旅客鉄道,0.17341016501664197
2023-01-31,5,72590,アイシン,0.18700887514644302
2023-01-31,6,99840,ソフトバンクグループ,0.19574951681516825
2023-01-31,7,69710,京セラ,0.2037410872165715
2023-01-31,8,83160,三井住友フィナンシャルグループ,0.20759928845669823
2023-01-31,9,84730,ＳＢＩホールディングス,0.21626691743652204
2023-01-31,10,67020,富士通,0.22313024401338222
2023-02-28,1,94320,日本電信電話,0.062155498173304825
2023-02-28,2,54010,日本製鉄,0.12749041479946205
2023-02-28,3,90220,東海旅客鉄道,0.1676079309598983
2023-02-28,4,72670,本田技研工業,0.1875595495474725
2023-02-28,5,72590,アイシン,0.1914066458066953
2023-02-28,6,94340,ソフトバンク,0.20121080377037148
2023-02-28,7,67020,富士通,0.21119621151347687
2023-02-28,8,69710,京セラ,0.21133950531981108
2023-02-28,9,83160,三井住友フィナンシャルグループ,0.21935663669360358
2023-02-28,10,99840,ソフトバンクグループ,0.22433098963155823
2023-03-31,1,94320,日本電信電話,0.06239168119359604
2023-03-31,2,54010,日本製鉄,0.13097467704126495
2023-03-31,3,90220,東海旅客鉄道,0.17308173667380744
2023-03-31,4,72670,本田技研工業,0.1858598060223112
2023-03-31,5,72590,アイシン,0.18704984690351065
2023-03-31,6,83160,三井住友フィナンシャルグループ,0.19459678525187318
2023-03-31,7,94340,ソフトバンク,0.20003336733738492
2023-03-31,8,84730,ＳＢＩホールディングス,0.20861041022682417
2023-03-31,9,99840,ソフトバンクグループ,0.2107016581365067
2023-03-31,10,67020,富士通,0.21499340367253766
2023-04-28,1,94320,日本電信電話,0.06534396894723624
2023-04-28,2,54010,日本製鉄,0.12144542970524984
2023-04-28,3,90220,東海旅客鉄道,0.1822941811505315
2023-04-28,4,72670,本田技研工業,0.1899900239339181
2023-04-28,5,72590,アイシン,0.19606138183131075
2023-04-28,6,94340,ソフトバンク,0.2004258461483804
2023-04-28,7,83160,三井住友フィナンシャルグループ,0.20381974727088892
2023-04-28,8,99840,ソフトバンクグループ,0.20712355201608745
2023-04-28,9,84730,ＳＢＩホールディングス,0.21043893135305014
2023-04-28,10,67020,富士通,0.21524662485814616
2023-05-31,1,94320,日本電信電話,0.06127957004158117
2023-05-31,2,54010,日本製鉄,0.11107904293269417
2023-05-31,3,90220,東海旅客鉄道,0.18380924113041125
2023-05-31,4,67010,日本電気,0.18687135233834049
2023-05-31,5,99840,ソフトバンクグループ,0.18894627170397066
2023-05-31,6,94340,ソフトバンク,0.19314603081127765
2023-05-31,7,72590,アイシン,0.19779264082559478
2023-05-31,8,84730,ＳＢＩホールディングス,0.2032578019722598
2023-05-31,9,83160,三井住友フィナンシャルグループ,0.20341306083178423
2023-05-31,10,87500,第一生命ホールディングス,0.20623876934225377
2023-06-30,1,54010,日本製鉄,0.12288029643521019
2023-06-30,2,90220,東海旅客鉄道,0.19544273740448792
2023-06-30,3,67010,日本電気,0.1987112929826781
2023-06-30,4,94340,ソフトバンク,0.20016479639930526
2023-06-30,5,84730,ＳＢＩホールディングス,0.21560902319555497
2023-06-30,6,72590,アイシン,0.21836058956110588
2023-06-30,7,83160,三井住友フィナンシャルグループ,0.22064089073157553
2023-06-30,8,67020,富士通,0.22162297836308018
2023-06-30,9,72670,本田技研工業,0.22787955357850015
2023-06-30,10,99840,ソフトバンクグループ,0.2337395688751706
2023-07-31,1,54010,日本製鉄,0.13277944148758067
2023-07-31,2,90220,東海旅客鉄道,0.1914911775537962
2023-07-31,3,67010,日本電気,0.19992222611959443
2023-07-31,4,94340,ソフトバンク,0.20510392773902839
2023-07-31,5,72590,アイシン,0.2133536487646802
2023-07-31,6,83160,三井住友フィナンシャルグループ,0.22216843036939452
2023-07-31,7,69710,京セラ,0.22775554836027984
2023-07-31,8,91070,川崎汽船,0.23136138320860372
2023-07-31,9,84730,ＳＢＩホールディングス,0.23359850681838715
2023-07-31,10,72670,本田技研工業,0.23690339491923826
2023-08-31,1,94320,日本電信電話,0.06519185611882498
2023-08-31,2,54010,日本製鉄,0.13413615714475247
2023-08-31,3,90220,東海旅客鉄道,0.19735153617206788
2023-08-31,4,99840,ソフトバンクグループ,0.21007895493066317
2023-08-31,5,67010,日本電気,0.2139220701594324
2023-08-31,6,87500,第一生命ホールディングス,0.21517999023579043
2023-08-31,7,94340,ソフトバンク,0.21813305311940412
2023-08-31,8,83160,三井住友フィナンシャルグループ,0.22174028343684915
2023-08-31,9,69710,京セラ,0.22280952258479494
2023-08-31,10,72590,アイシン,0.22500398127214502
2023-09-29,1,94320,日本電信電話,0.06840690309319364
2023-09-29,2,54010,日本製鉄,0.1363931623998716
2023-09-29,3,99840,ソフトバンクグループ,0.20333865967071094
2023-09-29,4,94340,ソフトバンク,0.22087604360773194
2023-09-29,5,69710,京セラ,0.2260631732756561
2023-09-29,6,67010,日本電気,0.2299258680180941
2023-09-29,7,84730,ＳＢＩホールディングス,0.23964091229525425
2023-09-29,8,83160,三井住友フィナンシャルグループ,0.24384461344267785
2023-09-29,9,87500,第一生命ホールディングス,0.2457794164914774
2023-09-29,10,72590,アイシン,0.26120322870605356
2023-10-31,1,94320,日本電信電話,0.06848437410462423
2023-10-31,2,54010,日本製鉄,0.1257696721473281
2023-10-31,3,99840,ソフトバンクグループ,0.19655984843784471
2023-10-31,4,67010,日本電気,0.1969898901826373
2023-10-31,5,69710,京セラ,0.2197108076411177
2023-10-31,6,67020,富士通,0.22039432845770554
2023-10-31,7,94340,ソフトバンク,0.22270470393328384
2023-10-31,8,72590,アイシン,0.22917879669763105
2023-10-31,9,83160,三井住友フィナンシャルグループ,0.23963284245508074
2023-10-31,10,84730,ＳＢＩホールディングス,0.24565477254662815
2023-11-30,1,54010,日本製鉄,0.1269714455492895
2023-11-30,2,99840,ソフトバンクグループ,0.18955460808503344
2023-11-30,3,94340,ソフトバンク,0.22362744109212615
2023-11-30,4,67010,日本電気,0.22528753575363378
2023-11-30,5,83160,三井住友フィナンシャルグループ,0.23412661732379064
2023-11-30,6,69710,京セラ,0.23915286642004102
2023-11-30,7,67020,富士通,0.23974907118345307
2023-11-30,8,72590,アイシン,0.24014871603206206
2023-11-30,9,84730,ＳＢＩホールディングス,0.24765134779254588
2023-11-30,10,87500,第一生命ホールディングス,0.2537971376338739
2023-12-29,1,54010,日本製鉄,0.11863400900324128
2023-12-29,2,99840,ソフトバンクグループ,0.19815698664463993
2023-12-29,3,72590,アイシン,0.21732335375427608
2023-12-29,4,94340,ソフトバンク,0.21877948656039023
2023-12-29,5,83160,三井住友フィナンシャルグループ,0.2219330267055136
2023-12-29,6,67010,日本電気,0.22829501499306334
2023-12-29,7,67020,富士通,0.2415085932494301
2023-12-29,8,84730,ＳＢＩホールディングス,0.24494857349484114
2023-12-29,9,87500,第一生命ホールディングス,0.2464497714528595
2023-12-29,10,72690,スズキ,0.25832703034415755
2024-01-31,1,54010,日本製鉄,0.1311217994246351
2024-01-31,2,99840,ソフトバンクグループ,0.20340909771251095
2024-01-31,3,94340,ソフトバンク,0.24413801795716272
2024-01-31,4,72590,アイシン,0.24473493532007118
2024-01-31,5,67020,富士通,0.2450010024277645
2024-01-31,6,83160,三井住友フィナンシャルグループ,0.2483911828566004
2024-01-31,7,67010,日本電気,0.2650905000888929
2024-01-31,8,87500,第一生命ホールディングス,0.26862366131753523
2024-01-31,9,84730,ＳＢＩホールディングス,0.28139741545245933
2024-01-31,10,72690,スズキ,0.28636398245404193
2024-02-29,1,54010,日本製鉄,0.13433461582392126
2024-02-29,2,70110,三菱重工業,0.1966811351677342
2024-02-29,3,94340,ソフトバンク,0.24608012539634902
2024-02-29,4,72590,アイシン,0.2558935061623037
2024-02-29,5,83160,三井住友フィナンシャルグループ,0.2675314416430783
2024-02-29,6,67020,富士通,0.2749207505649363
2024-02-29,7,67010,日本電気,0.2757487779275185
2024-02-29,8,99840,ソフトバンクグループ,0.27579800897707685
2024-02-29,9,72690,スズキ,0.2828627389540284
2024-02-29,10,87500,第一生命ホールディングス,0.2829777069146875
2024-03-29,1,54010,日本製鉄,0.13263509309344365
2024-03-29,2,94340,ソフトバンク,0.2433362010381535
2024-03-29,3,99840,ソフトバンクグループ,0.28119473907310155
2024-03-29,4,72590,アイシン,0.2819138095568024
2024-03-29,5,83160,三井住友フィナンシャルグループ,0.285653515351616
2024-03-29,6,67010,日本電気,0.30034480370896216
2024-03-29,7,84730,ＳＢＩホールディングス,0.30940909932568106
2024-03-29,8,87500,第一生命ホールディングス,0.3199441608813597
2024-03-29,9,61780,日本郵政,0.34741799499531484
2024-03-29,10,95130,電源開発,0.34862247045950856
2024-04-30,1,54010,日本製鉄,0.12804276571534462
2024-04-30,2,94340,ソフトバンク,0.2383472476596163
2024-04-30,3,72590,アイシン,0.24507261000670683
2024-04-30,4,99840,ソフトバンクグループ,0.24834998869799302
2024-04-30,5,83160,三井住友フィナンシャルグループ,0.287923584032728
2024-04-30,6,67010,日本電気,0.3003339445892675
2024-04-30,7,84730,ＳＢＩホールディングス,0.301656251734377
2024-04-30,8,87500,第一生命ホールディングス,0.3030053544815368
2024-04-30,9,67620,ＴＤＫ,0.32118430722316393
2024-04-30,10,61780,日本郵政,0.34265573788376025
2024-05-31,1,54010,日本製鉄,0.12182074404084633
2024-05-31,2,94340,ソフトバンク,0.2281634265918666
2024-05-31,3,72590,アイシン,0.2387669924693665
2024-05-31,4,99840,ソフトバンクグループ,0.2510298249886362
2024-05-31,5,87500,第一生命ホールディングス,0.2581092740813934
2024-05-31,6,67010,日本電気,0.30359844398697694
2024-05-31,7,83160,三井住友フィナンシャルグループ,0.3099820937519658
2024-05-31,8,84730,ＳＢＩホールディングス,0.32146144329188303
2024-05-31,9,61780,日本郵政,0.3331626265286529
2024-05-31,10,71810,かんぽ生命保険,0.3409043609588945
2024-06-28,1,54010,日本製鉄,0.1207203818423422
2024-06-28,2,72590,アイシン,0.21440326400796994
2024-06-28,3,94340,ソフトバンク,0.23746882057892896
2024-06-28,4,87500,第一生命ホールディングス,0.2636798012934562
2024-06-28,5,99840,ソフトバンクグループ,0.288453868793622
2024-06-28,6,84730,ＳＢＩホールディングス,0.3218571368459105
2024-06-28,7,83160,三井住友フィナンシャルグループ,0.3230862930505183
2024-06-28,8,72010,日産自動車,0.3382874481540112
2024-06-28,9,95130,電源開発,0.34472835539255764
2024-06-28,10,67010,日本電気,0.3459063561812911
2024-07-31,1,54010,日本製鉄,0.11642541971269697
2024-07-31,2,72590,アイシン,0.2123595926953578
2024-07-31,3,94340,ソフトバンク,0.23746882057892896
2024-07-31,4,99840,ソフトバンクグループ,0.2543613422413055
2024-07-31,5,87500,第一生命ホールディングス,0.2851520978157246
2024-07-31,6,72010,日産自動車,0.28847022183366666
2024-07-31,7,84730,ＳＢＩホールディングス,0.31204393670603026
2024-07-31,8,95010,東京電力ホールディングス,0.323622819577046
2024-07-31,9,83160,三井住友フィナンシャルグループ,0.3288069538477485
2024-07-31,10,95130,電源開発,0.33129497841540684
2024-08-30,1,54010,日本製鉄,0.11501245169943786
2024-08-30,2,72590,アイシン,0.2096381439627325
2024-08-30,3,99840,ソフトバンクグループ,0.2174818314682853
2024-08-30,4,94340,ソフトバンク,0.2480152450283016
2024-08-30,5,72010,日産自動車,0.25245594280177946
2024-08-30,6,87500,第一生命ホールディングス,0.25669176700569696
2024-08-30,7,83160,三井住友フィナンシャルグループ,0.2779065679044753
2024-08-30,8,84730,ＳＢＩホールディングス,0.281598399556987
2024-08-30,9,61780,日本郵政,0.29558816050806325
2024-08-30,10,95010,東京電力ホールディングス,0.3006861928886488
2024-09-30,1,54010,日本製鉄,0.11112079170235718
2024-09-30,2,99840,ソフトバンクグループ,0.21805107435272617
2024-09-30,3,87500,第一生命ホールディングス,0.22626139186894959
2024-09-30,4,72010,日産自動車,0.23880967562330488
2024-09-30,5,84730,ＳＢＩホールディングス,0.26005233367160097
2024-09-30,6,95010,東京電力ホールディングス,0.275629010147928
2024-09-30,7,61780,日本郵政,0.28444764160198266
2024-09-30,8,71810,かんぽ生命保険,0.28796185487752934
2024-09-30,9,95130,電源開発,0.3200691703529243
2024-09-30,10,67010,日本電気,0.3546648543951356
2024-10-31,1,54010,日本製鉄,0.10663843331286246
2024-10-31,2,87500,第一生命ホールディングス,0.23744541504117903
2024-10-31,3,72010,日産自動車,0.24397152451255394
2024-10-31,4,99840,ソフトバンクグループ,0.24575767801905649
2024-10-31,5,95010,東京電力ホールディングス,0.2655207645982755
2024-10-31,6,84730,ＳＢＩホールディングス,0.2682603587707956
2024-10-31,7,71810,かんぽ生命保険,0.2804421136595293
2024-10-31,8,61780,日本郵政,0.29517169251157427
2024-10-31,9,95130,電源開発,0.3253959052681722
2024-10-31,10,67010,日本電気,0.3482506725819595
2024-11-29,1,54010,日本製鉄,0.1095977209081946
2024-11-29,2,72010,日産自動車,0.22330344837418978
2024-11-29,3,95010,東京電力ホールディングス,0.22860024723441771
2024-11-29,4,99840,ソフトバンクグループ,0.25641593112216515
2024-11-29,5,87500,第一生命ホールディングス,0.2692457914029494
2024-11-29,6,84730,ＳＢＩホールディングス,0.3105134070653103
2024-11-29,7,61780,日本郵政,0.31186285708494055
2024-11-29,8,95130,電源開発,0.3194680268764111
2024-11-29,9,67010,日本電気,0.3353573722748073
2024-11-29,10,72610,マツダ,0.3525509593707307
2024-12-30,1,54010,日本製鉄,0.11400455963709552
2024-12-30,2,95010,東京電力ホールディングス,0.20250861140684148
2024-12-30,3,99840,ソフトバンクグループ,0.26356665292561676
2024-12-30,4,87500,第一生命ホールディングス,0.28147456944850197
2024-12-30,5,72010,日産自動車,0.29865047428144637
2024-12-30,6,61780,日本郵政,0.30999105600873883
2024-12-30,7,84730,ＳＢＩホールディングス,0.32710698067038774
2024-12-30,8,95130,電源開発,0.3278817897550397
2024-12-30,9,71810,かんぽ生命保険,0.3372396556155697
2024-12-30,10,67010,日本電気,0.3610124086002633
2025-01-31,1,54010,日本製鉄,0.11568847362293572
2025-01-31,2,95010,東京電力ホールディングス,0.17295418979399846
2025-01-31,3,72010,日産自動車,0.26617223520333905
2025-01-31,4,99840,ソフトバンクグループ,0.27005165745041637
2025-01-31,5,87500,第一生命ホールディングス,0.28320254895493874
2025-01-31,6,95130,電源開発,0.3196194665096251
2025-01-31,7,61780,日本郵政,0.33817206110044234
2025-01-31,8,71810,かんぽ生命保険,0.3517408447975257
2025-01-31,9,84730,ＳＢＩホールディングス,0.3699052571468498
2025-01-31,10,80010,伊藤忠商事,0.3711221593451917
2025-02-28,1,54010,日本製鉄,0.12234541618833812
2025-02-28,2,95010,東京電力ホールディングス,0.1619199576902992
2025-02-28,3,99840,ソフトバンクグループ,0.20860953450784606
2025-02-28,4,72010,日産自動車,0.25646579668718267
2025-02-28,5,87500,第一生命ホールディングス,0.2705058591722759
2025-02-28,6,71810,かんぽ生命保険,0.3196425146951745
2025-02-28,7,80010,伊藤忠商事,0.3321427133330295
2025-02-28,8,61780,日本郵政,0.33449912936044773
2025-02-28,9,95130,電源開発,0.336173982107799
2025-02-28,10,84730,ＳＢＩホールディングス,0.34938165617457406
2025-03-31,1,54010,日本製鉄,0.11742072836339451
2025-03-31,2,95010,東京電力ホールディングス,0.18166320057316337
2025-03-31,3,99840,ソフトバンクグループ,0.18858874806496664
2025-03-31,4,72010,日産自動車,0.2258163152881564
2025-03-31,5,61780,日本郵政,0.31300984026019957
2025-03-31,6,84730,ＳＢＩホールディングス,0.32123433438211646
2025-03-31,7,72610,マツダ,0.3285291985824284
2025-03-31,8,95130,電源開発,0.33004750783130943
2025-03-31,9,71810,かんぽ生命保険,0.3333681465525764
2025-03-31,10,80010,伊藤忠商事,0.3436972356741996
2025-04-30,1,54010,日本製鉄,0.11062171905283802
2025-04-30,2,99840,ソフトバンクグループ,0.18064094971887648
2025-04-30,3,95010,東京電力ホールディングス,0.1851020290558169
2025-04-30,4,72010,日産自動車,0.20363420034567048
2025-04-30,5,61780,日本郵政,0.2903674673545723
2025-04-30,6,72610,マツダ,0.29791482410191766
2025-04-30,7,84730,ＳＢＩホールディングス,0.3015554045329484
2025-04-30,8,71810,かんぽ生命保険,0.313987554369925
2025-04-30,9,95130,電源開発,0.32646286862698043
2025-04-30,10,80010,伊藤忠商事,0.36267255038103485
2025-05-30,1,54010,日本製鉄,0.10588189799118472
2025-05-30,2,95010,東京電力ホールディングス,0.16871831357415093
2025-05-30,3,99840,ソフトバンクグループ,0.2005397195063637
2025-05-30,4,72010,日産自動車,0.2516081778367149
2025-05-30,5,61780,日本郵政,0.2968325498772363
2025-05-30,6,72610,マツダ,0.31861957572569277
2025-05-30,7,71810,かんぽ生命保険,0.3754578215883997
2025-05-30,8,84730,ＳＢＩホールディングス,0.37706147059859063
2025-05-30,9,80010,伊藤忠商事,0.39000497116892335
2025-05-30,10,54110,ＪＦＥホールディングス,0.4230593984263983
2025-06-30,1,54010,日本製鉄,0.09951005062238923
2025-06-30,2,95010,東京電力ホールディングス,0.20377776691056568
2025-06-30,3,72010,日産自動車,0.23885384624130543
2025-06-30,4,99840,ソフトバンクグループ,0.2769523586227102
2025-06-30,5,61780,日本郵政,0.2800564255464847
2025-06-30,6,72610,マツダ,0.30347048546879635
2025-06-30,7,80010,伊藤忠商事,0.38073353516180686
2025-06-30,8,71810,かんぽ生命保険,0.38550628343821514
2025-06-30,9,54110,ＪＦＥホールディングス,0.4145314701496172
2025-06-30,10,84730,ＳＢＩホールディングス,0.4321301428824131
2025-07-31,1,54010,日本製鉄,0.10630061938970556
2025-07-31,2,72010,日産自動車,0.2279219380983485
2025-07-31,3,61780,日本郵政,0.29410642967348916
2025-07-31,4,99840,ソフトバンクグループ,0.3110551730194583
2025-07-31,5,72610,マツダ,0.3180610839189869
2025-07-31,6,95010,東京電力ホールディングス,0.3229394624467817
2025-07-31,7,80010,伊藤忠商事,0.39972990132856184
2025-07-31,8,54110,ＪＦＥホールディングス,0.43245247884720056
2025-07-31,9,71810,かんぽ生命保険,0.458209860351586
2025-07-31,10,84730,ＳＢＩホールディングス,0.46582948909566846
2025-08-29,1,54010,日本製鉄,0.1218167655456499
2025-08-29,2,72010,日産自動車,0.23557603303448704
2025-08-29,3,61780,日本郵政,0.2919780617001452
2025-08-29,4,72610,マツダ,0.361712203953463
2025-08-29,5,95010,東京電力ホールディングス,0.42408971842359106
2025-08-29,6,80010,伊藤忠商事,0.42426277540201673
2025-08-29,7,99840,ソフトバンクグループ,0.43844411739139927
2025-08-29,8,71810,かんぽ生命保険,0.4558746084154128
2025-08-29,9,54110,ＪＦＥホールディングス,0.4649727387960731
2025-08-29,10,95020,中部電力,0.539521970096549
2025-09-30,1,72010,日産自動車,0.2578296053488159
2025-09-30,2,61780,日本郵政,0.28358622444612713
2025-09-30,3,95010,東京電力ホールディングス,0.38988621709661886
2025-09-30,4,72610,マツダ,0.39297577133034517
2025-09-30,5,80010,伊藤忠商事,0.4257280154266277
2025-09-30,6,54110,ＪＦＥホールディングス,0.45928383905550124
2025-09-30,7,71810,かんぽ生命保険,0.4610425067741982
2025-09-30,8,99840,ソフトバンクグループ,0.5047699335971518
2025-09-30,9,84730,ＳＢＩホールディングス,0.5295087587106538
2025-09-30,10,95020,中部電力,0.5457523220853789
2025-10-31,1,72010,日産自動車,0.2505298666597207
2025-10-31,2,61780,日本郵政,0.279052703170968
2025-10-31,3,72610,マツダ,0.3897040026513691
2025-10-31,4,95010,東京電力ホールディングス,0.4107847575539802
2025-10-31,5,71810,かんぽ生命保険,0.4389414946440733
2025-10-31,6,54110,ＪＦＥホールディングス,0.44714751960894794
2025-10-31,7,80010,伊藤忠商事,0.45124340206209496
2025-10-31,8,41880,三菱ケミカルグループ,0.5083214654488268
2025-10-31,9,95020,中部電力,0.544986682952369
2025-10-31,10,54060,神戸製鋼所,0.5908620402952003
2025-11-28,1,72010,日産自動車,0.27623117532167674
2025-11-28,2,61780,日本郵政,0.2854886550064449
2025-11-28,3,99840,ソフトバンクグループ,0.3667393989545102
2025-11-28,4,95130,電源開発,0.39362465609369446
2025-11-28,5,72610,マツダ,0.4106339479588338
2025-11-28,6,95010,東京電力ホールディングス,0.4219043035103047
2025-11-28,7,71810,かんぽ生命保険,0.4251512456091967
2025-11-28,8,80010,伊藤忠商事,0.44765154874135615
2025-11-28,9,54110,ＪＦＥホールディングス,0.4766981360619878
2025-11-28,10,95060,東北電力,0.5298344320310178
2025-12-30,1,72010,日産自動車,0.28047314287607
2025-12-30,2,61780,日本郵政,0.3069700489173533
2025-12-30,3,95010,東京電力ホールディングス,0.3497070601479486
2025-12-30,4,72610,マツダ,0.43793769253002485
2025-12-30,5,71810,かんぽ生命保険,0.46106160398401264
2025-12-30,6,54110,ＪＦＥホールディングス,0.4972347398348933
2025-12-30,7,95060,東北電力,0.530524620175218
2025-12-30,8,41880,三菱ケミカルグループ,0.5770561630470431
2025-12-30,9,54010,日本製鉄,0.6088119875667278
2025-12-30,10,95020,中部電力,0.6128241861450415
